title,team,location,city,state,posted_date,job_id,source,first_seen_date,last_seen_date,semantic_similarity,job_category,job_family,schedule_type,updated_time,url,description_short,basic_qualifications,preferred_qualifications,description
"Enterprise Account Manager, Amazon Web Services Global Sales",aws.team-sales-primary,"CL, RM, Comuna De Providencia",Comuna De Providencia,RM,2026-07-10,10471641,amazon,2026-07-12,2026-07-13,0.441,"Sales, Advertising, & Account Management",Tech Sales,full-time,3 days,https://www.amazon.jobs/en/jobs/10471641/enterprise-account-manager-amazon-web-services-global-sales,Would you like to be part of a team focused on increasing adoption of Amazon Web Services by developing strategic accounts? Do you have the business savvy and the technical background necessary to help,"- 7+ years of direct sales or business development in software, cloud or SaaS markets selling to C-level executives experience
- 10+ years of business development, partner development, sales or alliances management experience
- Experience in full sales cycle, technology sales, sales engineering/consulting or equivalent business development
- Experience demonstrating technical breadth in AWS and/or cloud fundamentals
- Experience in strategic consulting, IT consulting, or equivalent advisory roles within Financial Services (FSI) or complex enterprise environments","- 5+ years of building profitable partner ecosystems experience
- Experience developing detailed go to market plans
- Experience with large scale IT/digital/business transformation or migration programs in a customer facing role
- Experience formulating and executing strategies to exceed revenue objectives through the adoption of AWS or equivalent technologies
- Experience analysing market opportunities, engaging and negotiating with customers, and defining new areas of innovation
- Experience structuring and negotiating complex agreements and leading cross-functional groups to orchestrate and successfully complete deals
Our inclusive culture empowers Amazonians to deliver the best results for our customers. If you have a disability and need a workplace accommodation or adjustment during the application and hiring process, including support for the interview or onboarding process, please visit https://amazon.jobs/content/en/how-we-hire/accommodations for more information. If the country/region you’re applying in isn’t listed, please contact your Recruiting Partner.","Would you like to be part of a team focused on increasing adoption of Amazon Web Services by developing strategic accounts? Do you have the business savvy and the technical background necessary to help customers grow their business while establishing Amazon as a key technology platform provider? 
As an Enterprise Account Manager you will have the exciting opportunity to help drive the growth and shape the future of an emerging technology. Your responsibilities will include driving revenue, adoption, and market penetration in a focused portfolio of 3-5 enterprise accounts, allowing you to build deep, strategic relationships. The ideal candidate will possess both a sales and technical background that enables them to drive an engagement at the CXO level — with CTO/CIO, CEO/General Manager and CFO — positioning AWS as a strategic partner at the board level. You should also be a self-starter who is prepared to develop and execute against a territory coverage plan and consistently deliver on quarterly revenue targets 
Drive digital transformation through meaningful engagement with C-level executives, IT leaders, architects, developers, and various lines of businesses of your customers. You will represent the entire portfolio of AWS products and services across the strategic accounts you manage within the Enterprise customer market segment. Your focus will be on driving growth in high-value workloads — core systems, digital channels, advanced analytics, and AI/ML — with strategic, long-term sales cycles of 12-18+ months. You will lead business conversations at the CxO level, articulating AWS value in terms of business outcomes (operational cost reduction, time-to-market, competitive differentiation) rather than technical features.With AWS, our customers benefit from the fastest pace of innovation, the broadest and deepest functionality, the most secure computing environment, and the most proven operational expertise. 
Key job responsibilities
- Drive revenue and market share by developing and executing comprehensive account plans for a portfolio of 3-5 strategic accounts, consistently meeting or exceeding quarterly revenue targets 
- Build and maintain trusted C-level relationships, positioning AWS as a strategic partner at the board level through business-outcome conversations — operational cost reduction, time-to-market, and competitive differentiation 
- Lead a consultative sales approach aligned to the customer's 3-5 year technology roadmap, driving growth from core workloads (core systems, digital channels, advanced analytics, AI/ML) in complex 12-18+ month sales cycles 
- Create demand by identifying strategic transformation opportunities at the customer and articulating a compelling vision of how AWS enables them 
- Orchestrate complex decision-making processes across multiple stakeholders — risk committees, compliance, security, architecture, and business teams — to move deals forward 
- Coordinate internal teams and customer stakeholders effectively, working as One Team to build and execute account plans 
- Manage contract negotiations and work with partners to extend reach and drive adoption across the account portfolio 
- Ensure customer satisfaction and develop long-term strategic relationships that position AWS as an enabler of the customer's digital transformation 
About the team
AWS Global Sales (AGS) aims to deliver the highest level of sales support to our customers. Is responsible for driving revenue, adoption, and growth from the largest and fastest growing small- and mid-market accounts to enterprise-level customers including public sector. Join dynamic and diverse AWS Sales team, focused on large enterprise's digital transformation.
Diverse Experiences 
Amazon values diverse experiences. Even if you do not meet all of the preferred qualifications and skills listed in the job description, we encourage candidates to apply. If your career is just starting, hasn’t followed a traditional path, or includes alternative experiences, don’t let it stop you from applying. 
Why AWS 
Amazon Web Services (AWS) is the world’s most comprehensive and broadly adopted cloud platform. We pioneered cloud computing and never stopped innovating — that’s why customers from the most successful startups to Global 500 companies trust our robust suite of products and services to power their businesses.
Work/Life Balance 
We value work-life harmony. Achieving success at work should never come at the expense of sacrifices at home, which is why we strive for flexibility as part of our working culture. When we feel supported in the workplace and at home, there’s nothing we can’t achieve in the cloud. 
Inclusive Team Culture 
Here at AWS, it’s in our nature to learn and be curious. Our employee-led affinity groups foster a culture of inclusion that empower us to be proud of our differences. Ongoing events and learning experiences, including our Conversations on Race and Ethnicity (CORE) and AmazeCon (gender diversity) conferences, inspire us to never stop embracing our uniqueness.
Mentorship and Career Growth
We’re continuously raising our performance bar as we strive to become Earth’s Best Employer. That’s why you’ll find endless knowledge-sharing, mentorship and other career-advancing resources here to help you develop into a better-rounded professional."
"Solutions Architect, AWS",aws.team-solutions-architect-primary,"CL, RM, Comuna De Providencia",Comuna De Providencia,RM,2026-07-08,10469155,amazon,2026-07-12,2026-07-13,0.4243,Solutions Architect,Solution Architect,full-time,5 days,https://www.amazon.jobs/en/jobs/10469155/solutions-architect-aws,At Amazon Web Services (AWS) we are inventing the future of cloud computing with a team of builders who try new things and dream big dreams. Our services provide a platform for IT infrastructure in-the-cloud,"- 4+ years of specific technology domain areas (e.g. software development, cloud computing, systems engineering, infrastructure, security, networking, data & analytics) experience
- 2+ years of design, implementation, or consulting in applications and infrastructures experience
- 4+ years of IT development or implementation/consulting in the software or Internet industries experience
- Bachelor's degree in a relevant field or equivalent work experience
- Speak, write, and read fluently in English
- Experience working with Gen AI technologies","- Experience working within software development or Internet-related industries
- Experience migrating or transforming legacy customer solutions to the cloud
- Experience working with AWS technologies from a dev/ops perspective
Our inclusive culture empowers Amazonians to deliver the best results for our customers. If you have a disability and need a workplace accommodation or adjustment during the application and hiring process, including support for the interview or onboarding process, please visit https://amazon.jobs/content/en/how-we-hire/accommodations for more information. If the country/region you’re applying in isn’t listed, please contact your Recruiting Partner.","At Amazon Web Services (AWS) we are inventing the future of cloud computing with a team of builders who try new things and dream big dreams. Our services provide a platform for IT infrastructure in-the-cloud that is used by hundreds of thousands of developers and businesses around the world. Ten years ago, we couldn’t have imagined how far we would come. Now we’re inventing for the next ten years and beyond. But it is still Day 1 for us, and we are looking for curious people to be part of our diverse teams of thinkers, testers, and doers.
Our Solutions Architects team is seeking candidates to join our AWS team with a variety of skills to help shape and deliver on our cloud strategy for our global customers and partners. As a solutions architect, you will be on the front line of helping customers succeed using AWS technologies, linking technology with measurable business value for organizations ranging from start-ups to large, enterprise customers. You will be a trusted customer advocate, helping our partners understand advanced cloud-based solutions and how to migrate existing workloads to the cloud.
Key job responsibilities
- As a Solutions Architect, you will work customers to accelerate their projects and recommend best-practice architectures in line with their long-term business outcomes.
- You will own the technical relationship with the customers and operate as their trusted advisor. The best interests of the customer will shape the guidance you provide.
- Share the voice of the customer to influence the roadmap of new features and services for the AWS platform.
- Create and capture best practices, technical content and new reference architectures (e.g. white papers, code samples, blog posts).
- Evangelize and educate about AWS technology (e.g. workshops, user groups, meetups, public speaking, online videos or conferences).
- Contribute to the growth of the Solutions Architecture organization by hiring, coaching and mentoring others.
- Develop areas of depth in technical domains relevant to your interests and your customer's outcomes.
About the team
Diverse Experiences
Amazon values diverse experiences. Even if you do not meet all of the preferred qualifications and skills listed in the job description, we encourage candidates to apply. If your career is just starting, hasn’t followed a traditional path, or includes alternative experiences, don’t let it stop you from applying. 
Why AWS? 
Amazon Web Services (AWS) is the world’s most comprehensive and broadly adopted cloud platform. We pioneered cloud computing and never stopped innovating — that’s why customers from the most successful startups to Global 500 companies trust our robust suite of products and services to power their businesses.
Work/Life Balance
We value work-life harmony. Achieving success at work should never come at the expense of sacrifices at home, which is why we strive for flexibility as part of our working culture. When we feel supported in the workplace and at home, there’s nothing we can’t achieve in the cloud. 
Inclusive Team Culture
Here at AWS, it’s in our nature to learn and be curious. Our employee-led affinity groups foster a culture of inclusion that empower us to be proud of our differences. Ongoing events and learning experiences, including our Conversations on Race and Ethnicity (CORE) and AmazeCon (gender diversity) conferences, inspire us to never stop embracing our uniqueness.
Mentorship and Career Growth
We’re continuously raising our performance bar as we strive to become Earth’s Best Employer. That’s why you’ll find endless knowledge-sharing, mentorship and other career-advancing resources here to help you develop into a better-rounded professional."
"Solutions Architect, AWS",aws.team-solutions-architect-primary,"CL, RM, Comuna De Providencia",Comuna De Providencia,RM,2026-07-08,10469158,amazon,2026-07-12,2026-07-13,0.4243,Solutions Architect,Solution Architect,full-time,5 days,https://www.amazon.jobs/en/jobs/10469158/solutions-architect-aws,At Amazon Web Services (AWS) we are inventing the future of cloud computing with a team of builders who try new things and dream big dreams. Our services provide a platform for IT infrastructure in-the-cloud,"- 4+ years of specific technology domain areas (e.g. software development, cloud computing, systems engineering, infrastructure, security, networking, data & analytics) experience
- 2+ years of design, implementation, or consulting in applications and infrastructures experience
- 4+ years of IT development or implementation/consulting in the software or Internet industries experience
- Bachelor's degree in a relevant field or equivalent work experience
- Speak, write, and read fluently in English
- Experience working with Gen AI technologies","- Experience working within software development or Internet-related industries
- Experience migrating or transforming legacy customer solutions to the cloud
- Experience working with AWS technologies from a dev/ops perspective
Our inclusive culture empowers Amazonians to deliver the best results for our customers. If you have a disability and need a workplace accommodation or adjustment during the application and hiring process, including support for the interview or onboarding process, please visit https://amazon.jobs/content/en/how-we-hire/accommodations for more information. If the country/region you’re applying in isn’t listed, please contact your Recruiting Partner.","At Amazon Web Services (AWS) we are inventing the future of cloud computing with a team of builders who try new things and dream big dreams. Our services provide a platform for IT infrastructure in-the-cloud that is used by hundreds of thousands of developers and businesses around the world. Ten years ago, we couldn’t have imagined how far we would come. Now we’re inventing for the next ten years and beyond. But it is still Day 1 for us, and we are looking for curious people to be part of our diverse teams of thinkers, testers, and doers.
Our Solutions Architects team is seeking candidates to join our AWS team with a variety of skills to help shape and deliver on our cloud strategy for our global customers and partners. As a solutions architect, you will be on the front line of helping customers succeed using AWS technologies, linking technology with measurable business value for organizations ranging from start-ups to large, enterprise customers. You will be a trusted customer advocate, helping our partners understand advanced cloud-based solutions and how to migrate existing workloads to the cloud.
Key job responsibilities
- As a Solutions Architect, you will work customers to accelerate their projects and recommend best-practice architectures in line with their long-term business outcomes.
- You will own the technical relationship with the customers and operate as their trusted advisor. The best interests of the customer will shape the guidance you provide.
- Share the voice of the customer to influence the roadmap of new features and services for the AWS platform.
- Create and capture best practices, technical content and new reference architectures (e.g. white papers, code samples, blog posts).
- Evangelize and educate about AWS technology (e.g. workshops, user groups, meetups, public speaking, online videos or conferences).
- Contribute to the growth of the Solutions Architecture organization by hiring, coaching and mentoring others.
- Develop areas of depth in technical domains relevant to your interests and your customer's outcomes.
About the team
Diverse Experiences 
Amazon values diverse experiences. Even if you do not meet all of the preferred qualifications and skills listed in the job description, we encourage candidates to apply. If your career is just starting, hasn’t followed a traditional path, or includes alternative experiences, don’t let it stop you from applying. 
Why AWS
Amazon Web Services (AWS) is the world’s most comprehensive and broadly adopted cloud platform. We pioneered cloud computing and never stopped innovating — that’s why customers from the most successful startups to Global 500 companies trust our robust suite of products and services to power their businesses.
Work/Life Balance 
We value work-life harmony. Achieving success at work should never come at the expense of sacrifices at home, which is why we strive for flexibility as part of our working culture. When we feel supported in the workplace and at home, there’s nothing we can’t achieve in the cloud. 
Inclusive Team Culture
Here at AWS, it’s in our nature to learn and be curious. Our employee-led affinity groups foster a culture of inclusion that empower us to be proud of our differences. Ongoing events and learning experiences, including our Conversations on Race and Ethnicity (CORE) and AmazeCon (gender diversity) conferences, inspire us to never stop embracing our uniqueness.
Mentorship and Career Growth
We’re continuously raising our performance bar as we strive to become Earth’s Best Employer. That’s why you’ll find endless knowledge-sharing, mentorship and other career-advancing resources here to help you develop into a better-rounded professional."
"Solutions Architect, LATAM CSC SA",aws.team-solutions-architect-primary,"CL, RM, Comuna De Providencia",Comuna De Providencia,RM,2026-07-06,10466309,amazon,2026-07-12,2026-07-13,0.4326,Solutions Architect,Solution Architect,full-time,7 days,https://www.amazon.jobs/en/jobs/10466309/solutions-architect-latam-csc-sa,"Join AWS to help organizations transform their business through cloud computing innovation. As a Solutions Architect, you'll partner with customers to design scalable, resilient cloud architectures that","- Experience with one of the following programming languages: Python, Ruby, Node.js, C#, or C++
- Experience with two or more of the following: networking fundamentals, security, storage or databases (relational or NoSQL), operating systems (Unix, Linux, or Windows)
- Experience engaging, verbally and in writing, with internal and external stakeholders to convey complex ideas in a clear, concise manner","- Experience implementing a cloud-based technology solution
- Experience in any of the following: Cloud Architecture, Systems Design, Software Development, Infrastructure Architecture, Data Engineering or DevOps
- Knowledge of AWS services, such as Elastic Compute Cloud (EC2), Elastic Block Storage (EBS), and Simple Storage Service (S3)
- Familiarity with AI/ML concepts and services, including generative AI, large language models, and AWS AI services such as Amazon Bedrock, Amazon SageMaker, or 3rd Party AI technologies.
Our inclusive culture empowers Amazonians to deliver the best results for our customers. If you have a disability and need a workplace accommodation or adjustment during the application and hiring process, including support for the interview or onboarding process, please visit https://amazon.jobs/content/en/how-we-hire/accommodations for more information. If the country/region you’re applying in isn’t listed, please contact your Recruiting Partner.","Join AWS to help organizations transform their business through cloud computing innovation. As a Solutions Architect, you'll partner with customers to design scalable, resilient cloud architectures that solve complex business challenges and drive measurable impact across diverse industries.
We're seeking technologists who combine technical expertise with business acumen and strong communication skills to guide customers through their cloud journey—from strategy and design through successful implementation and optimization.
Key job responsibilities
- Design and present cloud architecture solutions that address customer business requirements, incorporating AWS services and best practices tailored to each organization's unique needs and constraints.
- Partner with customers and internal AWS teams to understand technical requirements, business objectives, and organizational constraints, then translate these into scalable and resilient cloud solutions.
- Guide customers through cloud adoption by educating them on best practices, migration strategies, and optimization opportunities to help them maximize value from their cloud investments.
- Evaluate and improve architectural guidance by identifying gaps in existing resources and recommending updates based on customer feedback and evolving industry practices.
- Support complex problem-solving for large-scale computing challenges, working collaboratively with customers and AWS specialists to validate solutions and overcome implementation obstacles.
A day in the life
In this role, you'll engage directly with customers to understand their business objectives and technical requirements, then architect cloud solutions that address their specific needs. You might spend your morning collaborating with a startup to design their initial cloud infrastructure, then transition to working with an enterprise team on migrating complex legacy systems to AWS. Throughout your day, you'll partner with AWS specialists and customer teams to validate architectural decisions, troubleshoot challenges, and ensure solutions align with both technical best practices and business goals. You'll also contribute to improving our architectural guidance and resources based on real-world customer experiences, helping shape how we support organizations of all sizes.
About the team
Diverse Experiences
AWS values diverse experiences. Even if you do not meet all of the preferred qualifications and skills listed in the job description, we encourage candidates to apply. If your career is just starting, hasn’t followed a traditional path, or includes alternative experiences, don’t let it stop you from applying.
Why AWS?
Amazon Web Services (AWS) is the world’s most comprehensive and broadly adopted cloud platform. We pioneered cloud computing and never stopped innovating — that’s why customers from the most successful startups to Global 500 companies trust our robust suite of products and services to power their businesses.
Inclusive Team Culture
Here at AWS, it’s in our nature to learn and be curious. Our employee-led affinity groups foster a culture of inclusion that empower us to be proud of our differences. Ongoing events and learning experiences, including our Mental Health and Well-Being (MHW), Glamazon, and Women at Amazon conferences, inspire us to never stop embracing our uniqueness.
Mentorship & Career Growth
We’re continuously raising our performance bar as we strive to become Earth’s Best Employer. That’s why you’ll find endless knowledge-sharing, mentorship and other career-advancing resources here to help you develop into a better-rounded professional.
Work/Life Balance
We value work-life harmony. Achieving success at work should never come at the expense of sacrifices at home, which is why we strive for flexibility as part of our working culture. When we feel supported in the workplace and at home, there’s nothing we can’t achieve in the cloud."
"Regional Safety Manager - LATAM, DCC Communities ",aws.team-no-matching-primary-label-listed,"CL, Santiago",Santiago,,2026-06-30,10462393,amazon,2026-07-12,2026-07-13,0.4067,"Medical, Health, & Safety",Risk Family,full-time,13 days,https://www.amazon.jobs/en/jobs/10462393/regional-safety-manager-latam-dcc-communities,"Join AWS Infrastructure Services as a Regional Safety Manager and lead health and safety operations across our data centers in Mexico, Brazil, and Chile. You'll oversee a team of safety professionals,","- 7+ years of conducting workplace risk investigations experience
- Experience in conducting workplace risk investigations
- Experience leveraging technology to drive process improvements
- Experience managing direct reports
- Bachelor's degree or equivalent","- 7+ years of customer-facing environment experience
- Lean Six Sigma Green Belt or Black Belt certification
- Knowledge of Microsoft Office including Outlook, Word, and Excel
- Experience working in a customer-facing environment
- Master's degree or equivalent
Our inclusive culture empowers Amazonians to deliver the best results for our customers. If you have a disability and need a workplace accommodation or adjustment during the application and hiring process, including support for the interview or onboarding process, please visit https://amazon.jobs/content/en/how-we-hire/accommodations for more information. If the country/region you’re applying in isn’t listed, please contact your Recruiting Partner.","Join AWS Infrastructure Services as a Regional Safety Manager and lead health and safety operations across our data centers in Mexico, Brazil, and Chile. You'll oversee a team of safety professionals, drive compliance with regional regulations, and shape a world-class safety culture that protects thousands of employees working on the infrastructure that powers the cloud.
We are a diverse group of safety professionals, engineers, and operations specialists committed to maintaining the highest standards of health and safety across AWS's global infrastructure. Our team works at the intersection of innovation and protection—supporting the engineers, technicians, and contractors who keep our data centers running safely and efficiently. We partner closely with colleagues in security, compliance, human resources, and corporate counsel to advance a unified safety vision across Mexico, Brazil, and Chile.
Our customers depend on us to deliver reliable cloud infrastructure, and our employees depend on us to create safe working environments. We're building a safety culture where every team member feels empowered to speak up, where hazards are identified and mitigated proactively, and where continuous improvement is the norm. By joining us, you'll help shape how safety evolves as our infrastructure grows and transforms.
Key job responsibilities
- Supervise and develop a team of Health and Safety Managers across the LATAM region, providing technical expertise, mentorship, and performance guidance to ensure consistent safety excellence.
- Ensure regulatory compliance by working with legal and program partners to implement and maintain safety programs aligned with local standards (STPS/NOM in Mexico, Normas Regulamentadoras in Brazil, Dirección del Trabajo/DS in Chile) and conduct safety data analysis and benchmarking.
- Represent the organization during regulatory inspections and investigations, addressing compliance issues at the site level and serving as the primary point of contact for regulatory authorities.
- Support site readiness and expansion by conducting initial inspections for new data center launches, identifying accountability structures, and preparing facilities for safe operations.
- Collaborate across functions with security, operations, compliance, and human resources teams to identify and implement initiatives that reduce health and safety risks, improve team efficiency, and strengthen our safety culture.
A day in the life
As a Regional Safety Manager, you'll balance strategic oversight with hands-on engagement across our LATAM data center operations. Your day might include conducting a site inspection at one of our facilities to assess hazard controls, then transitioning to a virtual meeting with your team of Health and Safety Managers to review compliance metrics and discuss emerging risks. You'll collaborate with data center engineers, security specialists, and operations leaders to evaluate new infrastructure projects through a safety lens, ensuring that innovation doesn't compromise protection. You may also prepare for a regulatory inspection, coordinate contractor safety verification, or develop training materials on fall protection or lockout procedures tailored to local requirements. Throughout, you'll be problem-solving in a dynamic environment where infrastructure evolves rapidly and your guidance helps teams navigate safety challenges with confidence.
About the team
Diverse Experiences
AWS values diverse experiences. Even if you do not meet all of the preferred qualifications and skills listed in the job below, we encourage candidates to apply. If your career is just starting, hasn't followed a traditional path, or includes alternative experiences, don't let it stop you from applying.
Why AWS
AWS is the world's most comprehensive and broadly adopted cloud platform. We pioneered cloud computing and never stopped innovating — that's why customers from the most successful startups to Global 500 companies trust our products and services to power their businesses.
Inclusive Team Culture
Here at AWS, it's in our nature to learn and be curious. Our employee-led affinity groups foster a culture of inclusion that empower us to be proud of our differences. Ongoing events and learning experiences inspire us to embrace our uniqueness.
Mentorship & Career Growth
We raise our performance bar as we strive to become Earth's Best Employer. You'll find knowledge-sharing, mentorship and career-advancing resources here to help you develop as a professional.
Work/Life Balance
We value work-life harmony. Success at work should not require sacrifices at home, which is why we strive for flexibility in our working culture. When we feel supported in the workplace and at home, we deliver our best work."
"Delivery Consultant - Cloud Security, Professional Services, Professional Services ",aws.team-pro-serv,"CL, RM, Comuna De Providencia",Comuna De Providencia,RM,2026-06-30,10462391,amazon,2026-07-12,2026-07-13,0.4252,"Systems, Quality, & Security Engineering",Professional Services,full-time,13 days,https://www.amazon.jobs/en/jobs/10462391/delivery-consultant-cloud-security-professional-services-professional-services,The AWS Professional Services (ProServe) organization is a global team of experts that help customers realize their desired business outcomes when using the AWS Cloud. We work together with customer teams,"- Bachelor's degree in Computer Science, Engineering, or related field or equivalent combination of education and practical experience
- 3+ years in IT security, compliance, or risk management
- Experience in technology automation, integration, and implementation.
- Able to communicate effectively in English and Spanish within technical and business settings","- Expertise designing and building security capabilities in scripts and code; and deploying infrastructure in code.
- Implementation experience with enterprise security solutions such as WAF, IPS, Anti-DDOS, and SIEM.
- Knowledge securing CI/CD production environments.
- Understanding architectural implications of meeting industry standards such as PCI DSS, ISO 27001 and NIST frameworks.
- AWS Professional level certifications (e.g., Solutions Architect Professional, DevOps Engineer Professional) preferred
Our inclusive culture empowers Amazonians to deliver the best results for our customers. If you have a disability and need a workplace accommodation or adjustment during the application and hiring process, including support for the interview or onboarding process, please visit https://amazon.jobs/content/en/how-we-hire/accommodations for more information. If the country/region you’re applying in isn’t listed, please contact your Recruiting Partner.","The AWS Professional Services (ProServe) organization is a global team of experts that help customers realize their desired business outcomes when using the AWS Cloud. We work together with customer teams and the AWS Partner Network (APN) to execute enterprise cloud computing initiatives. Our team provides assistance through a collection of offerings which help customers achieve specific outcomes related to enterprise cloud adoption. We also deliver focused guidance through our global specialty practices, which cover a variety of solutions, technologies, and industries.
The ProServe team is seeking a skilled Delivery Consultant - Cloud Security to join our team at AWS. This is a hands-on role, and you’ll work closely with customers to design, implement, and manage AWS solutions that meet their technical requirements and business objectives. You'll be a key player in driving customer success through their cloud journey, providing technical expertise and best practices throughout the project lifecycle.
Possessing a deep understanding of AWS products and services, as a Delivery Consultant - Cloud Security you will have the opportunity to pioneer technically excellent security solutions supporting customer initiatives that are meaningful to their business. You'll work closely with stakeholders to gather requirements, assess current infrastructure, and propose effective migration strategies to AWS. As trusted advisors to our customers, providing guidance on industry trends, emerging technologies, and innovative solutions, you will be responsible for leading the implementation process, ensuring adherence to best practices, optimizing performance, and managing risks throughout the project. 
Key job responsibilities
As an experienced technology professional, you will be responsible for:
- Designing and implementing complex, scalable, and secure AWS solutions tailored to customer needs
 - Providing technical guidance and troubleshooting support throughout project delivery
- Collaborating with stakeholders to gather requirements and propose effective migration strategies
- Acting as a trusted advisor to customers on industry trends and emerging technologies
- Sharing knowledge within the organization through mentoring, training, and creating reusable artifacts
About the team
Diverse Experiences: AWS values diverse experiences. Even if you do not meet all of the preferred qualifications and skills listed in the job below, we encourage candidates to apply. If your career is just starting, hasn't followed a traditional path, or includes alternative experiences, don't let it stop you from applying.
Why AWS: AWS is the world's most comprehensive and broadly adopted cloud platform. We pioneered cloud computing and never stopped innovating — that's why customers from the most successful startups to Global 500 companies trust our products and services to power their businesses.
Inclusive Team Culture: Here at AWS, it's in our nature to learn and be curious. Our employee-led affinity groups foster a culture of inclusion that empower us to be proud of our differences. Ongoing events and learning experiences inspire us to embrace our uniqueness.
Mentorship & Career Growth: We raise our performance bar as we strive to become Earth's Best Employer. You'll find knowledge-sharing, mentorship and career-advancing resources here to help you develop as a professional.
Work/Life Balance: We value work-life harmony. Success at work should not require sacrifices at home, which is why we strive for flexibility in our working culture. When we feel supported in the workplace and at home, we deliver our best work."
Partner Development Manager  - SAP,aws.team-sales-primary,"CL, RM, Comuna De Providencia",Comuna De Providencia,RM,2026-06-22,10454860,amazon,2026-07-12,2026-07-13,0.4552,"Sales, Advertising, & Account Management",Business/Merchant Development,full-time,21 days,https://www.amazon.jobs/en/jobs/10454860/partner-development-manager-sap,Would you like to be part of a team that is redefining the enterprise cloud landscape in Latin America? Amazon Web Services (AWS) is leading the next paradigm shift in computing and is looking for a world-class,"- 5+ years of developing, negotiating and executing business agreements experience
- Knowledge of SAP systems (like SAP Business Suite, S/4HANA, SAP Business Warehouse, SAP HANA, SAP Business Objects, etc.) and their architecture and infrastructure needs
- 4+ years of stakeholder or account management experience, or experience with AWS services or other cloud offerings
- Experience using English communication skills, both written and verbal, to foster seamless interaction with stakeholders at all levels","- Experience interpreting data and making business recommendations
Our inclusive culture empowers Amazonians to deliver the best results for our customers. If you have a disability and need a workplace accommodation or adjustment during the application and hiring process, including support for the interview or onboarding process, please visit https://amazon.jobs/content/en/how-we-hire/accommodations for more information. If the country/region you’re applying in isn’t listed, please contact your Recruiting Partner.","Would you like to be part of a team that is redefining the enterprise cloud landscape in Latin America? Amazon Web Services (AWS) is leading the next paradigm shift in computing and is looking for a world-class Senior Partner Development Manager (PDM) to lead and grow our SAP partner ecosystem in Brazil.
As a Senior Partner Development Manager – SAP on AWS within Amazon Web Services (AWS), you will have the exciting opportunity to deliver on our strategy to build mind share and accelerate the adoption of AWS as the preferred cloud for SAP workloads across Brazil. You will own the development and execution of joint Go-to-Market (GTM) strategies with leading SAP System Integrators (SIs) and Global System Integrators (GSIs) operating in the South of Latin America.
Your responsibilities will include driving executive and field relationships with top SAP partners, managing Strategic Collaboration Agreements (SCAs), and collaborate with the extended AWS team — to accelerate RISE with SAP on AWS, SAP Business Suite SaaS, SAP BTP, and SAP Business Data Cloud (BDC) opportunities.
The ideal candidate will possess both a business background that enables them to engage at the CXO level and a deep understanding of the SAP ecosystem that enables them to credibly interact with SAP practice leads, solution architects, and enterprise customers. He/she should have a demonstrated ability to think strategically about the SAP cloud transformation market, build compelling joint value propositions, and execute with discipline against defined KPIs.
Key job responsibilities
- You will own the overall partner relationship and success of assigned SAP partners in South of Latin America, serving as the single point of contact for managed partners and will represent AWS at SAP partner events.
- You will develop and execute joint Partner Business Plans aligned to AWS SAP GTM priorities (RISE with SAP, SAP Business Suite SaaS, BTP, BDC, GenAI on SAP). 
- You will manage Strategic Collaboration Agreements (SCAs) and re:Scale agreements, including governance cadence, KPI tracking, QBRs, and escalation management.
- You will drive partner-originated (PO) pipeline creation and mature opportunities to the Qualify stage in partnership with field sales teams.
- You will optimize allocation of AWS partner funding programs to maximize partner investment and deal velocity and enable partners to build differentiated SAP practices on AWS, including RISE with SAP, GenAI, Data & Analytics, and other SAP Solutions.
- You will build and maintain executive relationships with partner leadership (C-suite, Practice Leads, Alliance Leads) and SAP Brazil field teams.
About the team
Diverse Experiences 
Amazon values diverse experiences. Even if you do not meet all of the preferred qualifications and skills listed in the job description, we encourage candidates to apply. If your career is just starting, hasn’t followed a traditional path, or includes alternative experiences, don’t let it stop you from applying. 
Why AWS 
Amazon Web Services (AWS) is the world’s most comprehensive and broadly adopted cloud platform. We pioneered cloud computing and never stopped innovating — that’s why customers from the most successful startups to Global 500 companies trust our robust suite of products and services to power their businesses.
Work/Life Balance 
We value work-life harmony. Achieving success at work should never come at the expense of sacrifices at home, which is why we strive for flexibility as part of our working culture. When we feel supported in the workplace and at home, there’s nothing we can’t achieve in the cloud. 
Inclusive Team Culture 
Here at AWS, it’s in our nature to learn and be curious. Our employee-led affinity groups foster a culture of inclusion that empower us to be proud of our differences. Ongoing events and learning experiences, including our Conversations on Race and Ethnicity (CORE) and AmazeCon (gender diversity) conferences, inspire us to never stop embracing our uniqueness.
Mentorship and Career Growth
We’re continuously raising our performance bar as we strive to become Earth’s Best Employer. That’s why you’ll find endless knowledge-sharing, mentorship and other career-advancing resources here to help you develop into a better-rounded professional."
"Senior Partner Solution Architect, SAP ",aws.team-solutions-architect-primary,"CL, RM, Comuna De Providencia",Comuna De Providencia,RM,2026-06-18,10452315,amazon,2026-07-12,2026-07-13,0.3986,Solutions Architect,Solution Architect,full-time,25 days,https://www.amazon.jobs/en/jobs/10452315/senior-partner-solution-architect-sap,"As a Partner Solutions Architect focused on SAP within AWS, you will have the opportunity to help shape and deliver on a strategy to build mind share and broaden the use of Amazon's web services (Amazon","- Experience and knowledge of SAP systems (i.e. SAP S/4 HANA, SAP Business Suite, SAP Business Warehouse/BW4HANA, SAP HANA, SAP Business Objects, etc) and their architecture and infrastructure needs.
- Experience with SAP Basis / NetWeaver Administration, SAP sizing and other tools.
- Experience or knowledge in SAP High Availability architectures, SAP Backup and Recovery, SAP system migration or upgrades.
- Experience in architecting, deploying, and the operation of SAP solutions.
- 5+ years of experience in partner or customer facing roles.","- Broad knowledge of the entire SAP platform stack.
- Experience managing relationships with SAP customers and partners and working directly in customer SAP implementations along with partners
Our inclusive culture empowers Amazonians to deliver the best results for our customers. If you have a disability and need a workplace accommodation or adjustment during the application and hiring process, including support for the interview or onboarding process, please visit https://amazon.jobs/content/en/how-we-hire/accommodations for more information. If the country/region you’re applying in isn’t listed, please contact your Recruiting Partner.","As a Partner Solutions Architect focused on SAP within AWS, you will have the opportunity to help shape and deliver on a strategy to build mind share and broaden the use of Amazon's web services (Amazon EC2, Amazon S3, Amazon EBS, etc.) across the global SAP customers through our partners. Emphasis will be on working directly with the partners to develop cloud migration and/or adoption strategies to help customers migrate and operate their business critical SAP systems on AWS.
The right candidate will possess in-depth technical skills in both SAP products and cloud computing as well as partner development and customer facing skills that will enable you to represent AWS well, not only to customers but to the broader SAP community including SAP, developers & architects. You should also have the ability to think strategically about business, products, and technical challenges.
AWS Sales, Marketing, and Global Services is responsible for driving revenue, adoption, and growth from the largest and fastest growing small- and mid-market accounts to enterprise-level customers including public sector. The AWS Global Support team interacts with leading companies and believes that world-class support is critical to customer success. AWS Support also partners with a global list of customers that are building mission-critical applications on top of AWS services.
Key job responsibilities
• Assist SAP partners in sizing and designing solutions on customer opportunities.
• Capture and share best-practice knowledge for deploying, running and managing SAP solutions on AWS with the SAP Developer, SAP end user and AWS communities.
• Build executive and technical stakeholder relationships with CIOs/CTOs, mission owners, and partner leadership.
• Collaborate with the global AWS SAP Account team on strategic customer opportunities.
• Contribute to AWS’ strategy and understanding of the SAP Market.
• Stay current on SAP technologies (RISE with SAP, S/4HANA, BTP, SAP AI services) and cloud modernization.
About the team
Why AWS?
Amazon Web Services (AWS) is the world’s most comprehensive and broadly adopted cloud platform. We pioneered cloud computing and never stopped innovating — that’s why customers from the most successful startups to Global 500 companies trust our robust suite of products and services to power their businesses.
Inclusive Team Culture
AWS values curiosity and connection. Our employee-led and company-sponsored affinity groups promote inclusion and empower our people to take pride in what makes us unique. Our inclusion events foster stronger, more collaborative teams. Our continual innovation is fueled by the bold ideas, fresh perspectives, and passionate voices our teams bring to everything we do.
Mentorship & Career Growth
We’re continuously raising our performance bar as we strive to become Earth’s Best Employer. That’s why you’ll find endless knowledge-sharing, mentorship and other career-advancing resources here to help you develop into a better-rounded professional.
Work/Life Balance
We value work-life harmony. Achieving success at work should never come at the expense of sacrifices at home, which is why we strive for flexibility as part of our working culture. When we feel supported in the workplace and at home, there’s nothing we can’t achieve."
"Technical Account Manager, TAM Public Sector (SOLA)",aws.team-solutions-architect-primary,"CL, RM, Comuna De Providencia",Comuna De Providencia,RM,2026-05-26,10430345,amazon,2026-07-12,2026-07-13,0.4578,"Operations, IT, & Support Engineering",Solution Architect,full-time,about 2 months,https://www.amazon.jobs/en/jobs/10430345/technical-account-manager-tam-public-sector-sola,Would you like to join one of the fastest-growing organizations within Amazon Web Services (AWS) and help customers of all industries and sizes gain the best value and service from AWS? At AWS Enterprise,"- Experience with operational parameters and troubleshooting for two (2) of the following: compute, storage, networking, CDN, databases, DevOps, big data and analytics, security, or applications development in a distributed systems environment
- Experience in Business English skills, both verbal and written
- Bachelor's degree in computer science, engineering, mathematics or equivalent, or 5+ years of technical work experience
- 5+ years of professional work (non-internship) experience","- Experience in one or more of the following areas: software design or development, content distribution/CDN, scripting/automation, database architecture, IP networking, IT security, BigData/Hadoop/Spark, operations management, service oriented architecture
- Experience in a 24x7 operational services or support environment
- External enterprise customer-facing experience as a technical lead, presenting to both large and small audiences
- Experience with AWS services and/or other offerings
Our inclusive culture empowers Amazonians to deliver the best results for our customers. If you have a disability and need a workplace accommodation or adjustment during the application and hiring process, including support for the interview or onboarding process, please visit https://amazon.jobs/content/en/how-we-hire/accommodations for more information. If the country/region you’re applying in isn’t listed, please contact your Recruiting Partner.","Would you like to join one of the fastest-growing organizations within Amazon Web Services (AWS) and help customers of all industries and sizes gain the best value and service from AWS? At AWS Enterprise Support we’re looking for a Technical Account Manager to work with our customers’ creative and transformative spirit of innovation across all technologies. This is a technical role, in which you will have an opportunity to be the principal technical advisor and ‘voice of the customer’. 
As a Technical Account Manager, you will help craft and execute strategies to drive customer adoption and use of AWS services. Your technical acumen and customer-facing skills will enable you to effectively represent AWS within a customer’s environment, and drive discussions with senior leadership regarding incidents, trade-offs proactive scope and risk management. You will provide advocacy and strategic technical direction to help plan and build solutions using standard methodologies, and enthusiastically keep your customers’ AWS environments operationally healthy. The closer relationships developed with your customers will empower you to understand their business/operational needs and technical challenges, and help them achieve the greatest value from AWS.
Key job responsibilities
Every day will bring new and exciting challenges on the job while you: 
• Provide support to resolve inquiries from Enterprise customers regarding AWS service or Cloud.
• Complete analysis and present periodic reviews of operational performance to customer
• Provide detailed reviews of service disruptions, metrics, detailed prelaunch planning
• Ensure AWS environments remain operationally healthy whilst reducing cost and complexity
• Foster trusting relationships with customers, understanding their business needs and technical challenges
• Lead technical discussions with senior leadership regarding incidents, trade-offs, proactive scope and risk management.
•  Work directly with AWS global engineering and service teams to resolve customer issue.
• The role may require ability to travel 10-25% as needed.
A day in the life
If you want to know a little bit more about the TAM role, copy and paste the links bellow to know part of our team:
https://www.youtube.com/watch?v=jdNsBOXawLk 
https://www.youtube.com/watch?v=wCSU_GWit_8 
https://www.youtube.com/watch?v=xfHmuJn1ynQ 
About the team
ABOUT AWS:
Diverse Experiences
Amazon values diverse experiences. Even if you do not meet all of the preferred qualifications and skills listed in the job description, we encourage candidates to apply. If your career is just starting, hasn’t followed a traditional path, or includes alternative experiences, don’t let it stop you from applying.
Why AWS
Amazon Web Services (AWS) is the world’s most comprehensive and broadly adopted cloud platform. We pioneered cloud computing and never stopped innovating — that’s why customers from the most successful startups to Global 500 companies trust our robust suite of products and services to power their businesses.
Work/Life Balance
We value work-life harmony. Achieving success at work should never come at the expense of sacrifices at home, which is why we strive for flexibility as part of our working culture. When we feel supported in the workplace and at home, there’s nothing we can’t achieve in the cloud.
Inclusive Team Culture
Here at AWS, it’s in our nature to learn and be curious. Our employee-led affinity groups foster a culture of inclusion that empower us to be proud of our differences. Ongoing events and learning experiences, including our Conversations on Race and Ethnicity (CORE) and AmazeCon (gender diversity) conferences, inspire us to never stop embracing our uniqueness.
Mentorship and Career Growth
We’re continuously raising our performance bar as we strive to become Earth’s Best Employer. That’s why you’ll find endless knowledge-sharing, mentorship and other career-advancing resources here to help you develop into a better-rounded professional."
"Technical Account Manager, ES - LATAM - SOLA - Chile",aws.team-solutions-architect-primary,"CL, RM, Comuna De Providencia",Comuna De Providencia,RM,2026-05-21,10426938,amazon,2026-07-12,2026-07-13,0.5256,"Operations, IT, & Support Engineering",Solution Architect,full-time,about 2 months,https://www.amazon.jobs/en/jobs/10426938/technical-account-manager-es-latam-sola-chile,Would you like to join one of the fastest-growing organizations within Amazon Web Services (AWS) and help customers of all industries and sizes gain the best value and service from AWS? At AWS Enterprise,"- 5+ years of technical engineering experience
- Experience in Business English skills, both verbal and written
- Experience with operational parameters and troubleshooting for two (2) of the following: compute, storage, networking, CDN, databases, DevOps, big data and analytics, security, or applications development in a distributed systems environment
- Bachelor's degree in a relevant field or equivalent work experience
- Speak, write, and read fluently Spanish","- Experience in external enterprise customer-facing role as a technical lead, with strong oral and written communication skills, presenting to both large and small audiences
- Experience in a 24x7 operational services or support environment
- Experience with AWS services or other cloud offerings
- Experience in one or more of the following areas: software design or development, content distribution/CDN, scripting/automation, database architecture, IP networking, IT security, BigData/Hadoop/Spark, operations management, service oriented architecture
Our inclusive culture empowers Amazonians to deliver the best results for our customers. If you have a disability and need a workplace accommodation or adjustment during the application and hiring process, including support for the interview or onboarding process, please visit https://amazon.jobs/content/en/how-we-hire/accommodations for more information. If the country/region you’re applying in isn’t listed, please contact your Recruiting Partner.","Would you like to join one of the fastest-growing organizations within Amazon Web Services (AWS) and help customers of all industries and sizes gain the best value and service from AWS? At AWS Enterprise Support we’re looking for a Technical Account Manager to work with our customers’ creative and transformative spirit of innovation across all technologies. This is a technical role, in which you will have an opportunity to be the principal technical advisor and ‘voice of the customer’. 
As a Technical Account Manager, you will help craft and execute strategies to drive customer adoption and use of AWS services. Your technical acumen and customer-facing skills will enable you to effectively represent AWS within a customer’s environment, and drive discussions with senior leadership regarding incidents, trade-offs proactive scope and risk management. You will provide advocacy and strategic technical direction to help plan and build solutions using standard methodologies, and enthusiastically keep your customers’ AWS environments operationally healthy. The closer relationships developed with your customers will empower you to understand their business/operational needs and technical challenges, and help them achieve the greatest value from AWS.
Key job responsibilities
Every day will bring new and exciting challenges on the job while you: 
- Provide support to resolve inquiries from Enterprise customers regarding AWS service or Cloud.
- Complete analysis and present periodic reviews of operational performance to customer
- Provide detailed reviews of service disruptions, metrics, detailed prelaunch planning
- Ensure AWS environments remain operationally healthy whilst reducing cost and complexity
- Foster trusting relationships with customers, understanding their business needs and technical challenges
- Lead technical discussions with senior leadership regarding incidents, trade-offs, proactive scope and risk management.
- Work directly with AWS global engineering and service teams to resolve customer issue.
- The role may require ability to travel 10-25% as needed.
A day in the life
If you want to know a little bit more about the TAM role, copy and paste the links bellow to know part of our team:
https://www.youtube.com/watch?v=jdNsBOXawLk 
https://www.youtube.com/watch?v=wCSU_GWit_8 
https://www.youtube.com/watch?v=xfHmuJn1ynQ 
About the team
ABOUT AWS:
Diverse Experiences
Amazon values diverse experiences. Even if you do not meet all of the preferred qualifications and skills listed in the job description, we encourage candidates to apply. If your career is just starting, hasn’t followed a traditional path, or includes alternative experiences, don’t let it stop you from applying.
Why AWS
Amazon Web Services (AWS) is the world’s most comprehensive and broadly adopted cloud platform. We pioneered cloud computing and never stopped innovating — that’s why customers from the most successful startups to Global 500 companies trust our robust suite of products and services to power their businesses.
Work/Life Balance
We value work-life harmony. Achieving success at work should never come at the expense of sacrifices at home, which is why we strive for flexibility as part of our working culture. When we feel supported in the workplace and at home, there’s nothing we can’t achieve in the cloud.
Inclusive Team Culture
Here at AWS, it’s in our nature to learn and be curious. Our employee-led affinity groups foster a culture of inclusion that empower us to be proud of our differences. Ongoing events and learning experiences, including our Conversations on Race and Ethnicity (CORE) and AmazeCon (gender diversity) conferences, inspire us to never stop embracing our uniqueness.
Mentorship and Career Growth
We’re continuously raising our performance bar as we strive to become Earth’s Best Employer. That’s why you’ll find endless knowledge-sharing, mentorship and other career-advancing resources here to help you develop into a better-rounded professional."
"Data Center Operations Manager, Data Center Operations ",aws.team-support-engineer-primary,"CL, Santiago",Santiago,,2026-05-14,10420241,amazon,2026-07-12,2026-07-13,0.48,"Operations, IT, & Support Engineering",Data Center Operations,full-time,about 2 months,https://www.amazon.jobs/en/jobs/10420241/data-center-operations-manager-data-center-operations,"Are you passionate about building robust, scalable technology infrastructure that powers global cloud services? Join our dynamic team and play a critical role in managing complex data center operations","- Bachelor's degree in engineering, computer science or equivalent
- 4+ years of technical team management experience
- Experience in English-language communication skills, both written and verbal
- Experience in networking and troubleshooting
- Experience with system management tools and client/server environments","- Experience with large scale infrastructure
- Advanced technical degree, or Master's degree
- Project Management Professional (PMP) certification, or experience in project management
- Knowledge of data center infrastructure design, operations, or delivery
- Experience with technical writing
Our inclusive culture empowers Amazonians to deliver the best results for our customers. If you have a disability and need a workplace accommodation or adjustment during the application and hiring process, including support for the interview or onboarding process, please visit https://amazon.jobs/content/en/how-we-hire/accommodations for more information. If the country/region you’re applying in isn’t listed, please contact your Recruiting Partner.","Are you passionate about building robust, scalable technology infrastructure that powers global cloud services? Join our dynamic team and play a critical role in managing complex data center operations that keep the world's most innovative cloud platform running seamlessly.
Key job responsibilities
- Coordinate and prioritize operational workflows across data center technician teams
- Develop and implement strategic operational procedures to optimize performance and reliability
- Mentor and develop technical staff through comprehensive training and professional development
- Manage complex project implementations with cross-functional teams
- Create comprehensive operational reports and documentation
 - Maintain the on-call schedule coordinating absence and vacations
 - Recruit and train data technicians to ensure appropriate staffing levels
 - Host weekly staff meetings
 - Write and deliver performance reviews for staff 
A day in the life
Your day will be a blend of strategic leadership and hands-on technical problem-solving. You'll collaborate with diverse engineering teams, coordinate critical operational tasks, and ensure our data centers run with exceptional efficiency and reliability. From managing technician workflows to implementing operational strategies, every moment will challenge and inspire you to drive technological excellence.
About the team
AWS Infrastructure Services owns the design, planning, delivery, and operation of all AWS global infrastructure. In other words, we’re the people who keep the cloud running. We support all AWS data centers and all of the servers, storage, networking, power, and cooling equipment that ensure our customers have continual access to the innovation they rely on. We work on the most challenging problems, with thousands of variables impacting the supply chain — and we’re looking for talented people who want to help.
You’ll join a diverse team of software, hardware, and network engineers, supply chain specialists, security experts, operations managers, and other vital roles. You’ll collaborate with people across AWS to help us deliver the highest standards for safety and security while providing seemingly infinite capacity at the lowest possible cost for our customers. And you’ll experience an inclusive culture that welcomes bold ideas and empowers you to own them to completion.
Why AWS
Amazon Web Services (AWS) is the world’s most comprehensive and broadly adopted cloud platform. We pioneered cloud computing and never stopped innovating — that’s why customers from the most successful startups to Global 500 companies trust our robust suite of products and services to power their businesses.
Diverse Experiences
Amazon values diverse experiences. Even if you do not meet all of the preferred qualifications and skills listed in the job description, we encourage candidates to apply. If your career is just starting, hasn’t followed a traditional path, or includes alternative experiences, don’t let it stop you from applying.
Work/Life Balance
We value work-life harmony. Achieving success at work should never come at the expense of sacrifices at home, which is why we strive for flexibility as part of our working culture. When we feel supported in the workplace and at home, there’s nothing we can’t achieve in the cloud.
Inclusive Team Culture
Here at AWS, it’s in our nature to learn and be curious. Our employee-led affinity groups foster a culture of inclusion that empower us to be proud of our differences. Ongoing events and learning experiences, including our Conversations on Race and Ethnicity (CORE) and AmazeCon (gender diversity) conferences, inspire us to never stop embracing our uniqueness.
Mentorship and Career Growth
We’re continuously raising our performance bar as we strive to become Earth’s Best Employer. That’s why you’ll find endless knowledge-sharing, mentorship and other career-advancing resources here to help you develop into a better-rounded professional."
"Logistics Specialist, DCC Communities ",aws.team-no-matching-primary-label-listed,"CL, Santiago",Santiago,,2026-05-07,10414024,amazon,2026-07-12,2026-07-13,0.4459,Administrative Support,Data Center Materials,full-time,about 1 month,https://www.amazon.jobs/en/jobs/10414024/logistics-specialist-dcc-communities,"Be a part of operating the world’s largest cloud computing infrastructure. Amazon Web Services is seeking bright, motivated, hardworking individuals to fill Datacenter Logistics Specialist positions. The","- Experience as a logistics professional supporting inventory cycle counts, shipments, maintenance, stock control functions and reverse logistics
- Can lift loads of up to 49 pounds and carry them for short distances","- 2+ years of shipping & receiving, inventory and warehousing practices experience
Our inclusive culture empowers Amazonians to deliver the best results for our customers. If you have a disability and need a workplace accommodation or adjustment during the application and hiring process, including support for the interview or onboarding process, please visit https://amazon.jobs/content/en/how-we-hire/accommodations for more information. If the country/region you’re applying in isn’t listed, please contact your Recruiting Partner.","Be a part of operating the world’s largest cloud computing infrastructure. Amazon Web Services is seeking bright, motivated, hardworking individuals to fill Datacenter Logistics Specialist positions. The ideal candidate possesses a strong work ethic, attention to detail, the ability to meet deadlines, and a commitment to safety & operational excellence. Logistics Specialists monitor inventory levels to ensure that proper stock levels are maintained to support build and repair activities. They receive parts, maintain inventory, and check-out parts as needed to Datacenter Technicians and Engineers. They will also be responsible for loading and unloading shipments and transporting parts between different locations. This position involves frequent lifting of materials and products. Logistics Specialists will be required to keep precise records of all commodities going in and out of company. They must also maintain the cleanliness, organization, and safety of all workspace. They must be available to work shift work. 
The ideal candidate will have experience working in a warehouse or distribution environment, as well as experience and knowledge of reverse logistics processes. Experience handling vendor relationships is helpful.
Key job responsibilities
- Receive logically and phisically material for Data Center Operations
- Mantain control of storage rooms, ensuring inventory accuracy and tidiness 
- Attend Data Center operations requests, providing information and ticket resolution
- Physically move and lift objects 
A day in the life
A typical day as a logistics specialist consists in:
- Check your ticket que and locate parts needed for the Data Center Operations
- Receive physically and in the system incoming inventory
- Cycle count storage rooms to check if there is any inventory adjustment to be made
- Tidy up the storage room and manage space inside the inventory rooms
- Label and maintain everything as tidy as possible. The objective is that parts are easy to find as quick as possible
About the team
Diverse Experiences
AWS values diverse experiences. Even if you do not meet all of the preferred qualifications and skills listed in the job description, we encourage candidates to apply. If your career is just starting, hasn’t followed a traditional path, or includes alternative experiences, don’t let it stop you from applying.
Why AWS?
Amazon Web Services (AWS) is the world’s most comprehensive and broadly adopted cloud platform. We pioneered cloud computing and never stopped innovating — that’s why customers from the most successful startups to Global 500 companies trust our robust suite of products and services to power their businesses.
Inclusive Team Culture
Here at AWS, it’s in our nature to learn and be curious. Our employee-led affinity groups foster a culture of inclusion that empower us to be proud of our differences. Ongoing events and learning experiences, including our Conversations on Race and Ethnicity (CORE) and AmazeCon (gender diversity) conferences, inspire us to never stop embracing our uniqueness.
Mentorship & Career Growth
We’re continuously raising our performance bar as we strive to become Earth’s Best Employer. That’s why you’ll find endless knowledge-sharing, mentorship and other career-advancing resources here to help you develop into a better-rounded professional.
Work/Life Balance
We value work-life harmony. Achieving success at work should never come at the expense of sacrifices at home, which is why we strive for flexibility as part of our working culture. When we feel supported in the workplace and at home, there’s nothing we can’t achieve in the cloud."
"Senior Customer Solutions Mgr, CSM SOLA",aws.team-sales-primary,"CL, RM, Comuna De Providencia",Comuna De Providencia,RM,2026-05-06,10412308,amazon,2026-07-12,2026-07-13,0.4909,Project/Program/Product Management--Non-Tech,"Tech, Customer Solutions Mgr",full-time,2 months,https://www.amazon.jobs/en/jobs/10412308/senior-customer-solutions-mgr-csm-sola,"Guide AWS customers through transformative cloud journeys while orchestrating collaboration across multiple teams to deliver measurable business outcomes. In this visible role, you'll partner with enterprise","- 5+ years of leading large-scale, technical or engineering programs with a proven record of thought leadership, business case development, realizing customer benefits, and successful program completion experience
- 2+ years of customer-facing work, engaging with customer executives, technologists or partners to solve business problems with advanced technologies experience
- Bachelor's degree in science, technology, engineering, math, business or equivalent
- Experience leading technical and non-technical transformation project teams with a proven ability to work across broad functional teams
- Experience in English-language communication skills, both written and verbal","- PMP certification, or SCRUM/Agile, SAFe certification
- Experience implementing cloud services including migrations and modernization projects or similar
Our inclusive culture empowers Amazonians to deliver the best results for our customers. If you have a disability and need a workplace accommodation or adjustment during the application and hiring process, including support for the interview or onboarding process, please visit https://amazon.jobs/content/en/how-we-hire/accommodations for more information. If the country/region you’re applying in isn’t listed, please contact your Recruiting Partner.","Guide AWS customers through transformative cloud journeys while orchestrating collaboration across multiple teams to deliver measurable business outcomes. In this visible role, you'll partner with enterprise leadership to translate strategic cloud adoption initiatives into executable plans, ensuring seamless migrations and sustainable operational success.
We are a customer-focused organization dedicated to helping enterprises and mid-market companies unlock the full potential of cloud technology. Our team brings together sales, support, solutions architects, and professional services specialists who share a commitment to customer success. We work with leading companies building mission-critical applications, and we believe that world-class support and strategic guidance are essential to their achievements. As a Customer Solutions Manager, you'll be a trusted peer to this diverse group, helping us coordinate our efforts and ensure every customer receives cohesive, high-impact support. Together, we're shaping how organizations transform their operations through cloud adoption, and your role will be instrumental in making that vision a reality for our customers.
Key job responsibilities
- Partner with customer and AWS leadership to develop multi-year cloud adoption roadmaps, translating strategic initiatives into concrete, sequenced actions that align with customer business milestones.
- Orchestrate collaboration across Sales, Support, Solutions Architecture, and customer teams to plan and execute major workload migrations and cloud transformations. 
- Design and deliver comprehensive education programs, governance frameworks, and executive briefing sessions that prepare customers for successful cloud adoption and operational excellence.
- Manage program cadence and accountability by establishing reporting mechanisms, tracking progress against key metrics, and ensuring all stakeholders remain aligned on timelines and deliverables.
- Identify and solve customer challenges by leveraging AWS services, tools, and innovative approaches, while advocating for customer needs across AWS product and engineering teams.
A day in the life
As an AWS Customer Solutions Manager, you'll serve as the central connector between our customers and AWS teams, ensuring everyone moves in sync toward shared goals. Your day might include facilitating strategy sessions with customer executives to align cloud adoption with their business objectives, coordinating between our Sales, Support and Solutions Architecture teams to remove blockers, and tracking progress against key milestones. You'll develop comprehensive education and governance plans that prepare customers for successful workload migrations, lead executive briefing sessions that showcase AWS capabilities, and manage go-live events that mark critical transitions. Beyond these structured activities, you'll identify emerging customer challenges and proactively develop innovative solutions, tools, and approaches that address their unique needs.
About the team
Why AWS? Amazon Web Services (AWS) is the world’s most comprehensive and broadly adopted cloud platform. We pioneered cloud computing and never stopped innovating — that’s why customers from the most successful startups to Global 500 companies trust our robust suite of products and services to power their businesses.
Diverse Experiences: Amazon values diverse experiences. Even if you do not meet all of the preferred qualifications and skills listed in the job description, we encourage candidates to apply. If your career is just starting, hasn’t followed a traditional path, or includes alternative experiences, don’t let it stop you from applying.
Work/Life Balance: We value work-life harmony. Achieving success at work should never come at the expense of sacrifices at home, which is why we strive for flexibility as part of our working culture. When we feel supported in the workplace and at home, there’s nothing we can’t achieve in the cloud.
Inclusive Team Culture: Here at AWS, it’s in our nature to learn and be curious. Our employee-led affinity groups foster a culture of inclusion that empower us to be proud of our differences. Ongoing events and learning experiences, including our Conversations on Race and Ethnicity (CORE) and AmazeCon conferences, inspire us to never stop embracing our
uniqueness.
Mentorship and Career Growth: We’re continuously raising our performance bar as we strive to become Earth’s Best Employer. That’s why you’ll find endless knowledge-sharing, mentorship and other career-advancing resources here to help you develop into a better- rounded professional."
"Physical Security Manager, DC Security SCL, SCL DC Security ",aws.team-no-matching-primary-label-listed,"CL, Santiago",Santiago,,2026-04-23,10401469,amazon,2026-07-12,2026-07-13,0.389,"Systems, Quality, & Security Engineering",Data Center Security,full-time,3 months,https://www.amazon.jobs/en/jobs/10401469/physical-security-manager-dc-security-scl-scl-dc-security,"As Physical Security Manager, you will lead and optimize security operations across facilities within our regional campus, driving comprehensive security strategies through systematic facility audits,","- 2+ years of overseeing security operations and working with security vendors/contractors experience
- Speak, write, and read fluently in English
- Experience overseeing security operations and working with security vendors/contractors
- Experience developing operational processes and technologies","- Security Certifications such as CPP, PSP, CPO are a plus.
Our inclusive culture empowers Amazonians to deliver the best results for our customers. If you have a disability and need a workplace accommodation or adjustment during the application and hiring process, including support for the interview or onboarding process, please visit https://amazon.jobs/content/en/how-we-hire/accommodations for more information. If the country/region you’re applying in isn’t listed, please contact your Recruiting Partner.","As Physical Security Manager, you will lead and optimize security operations across facilities within our regional campus, driving comprehensive security strategies through systematic facility audits, real-time monitoring, and vulnerability assessments. You will direct all security operations, from guard force management and patrol optimization to overseeing infrastructure projects, while spearheading modernization initiatives through advanced analytics, surveillance systems, and integrated access control technologies. Critical to your success will be developing and implementing comprehensive security programs, including awareness training, detailed policies, and emergency response protocols, fostering a strong security culture throughout the organization. In this strategic role, you will partner with executive leadership, delivering data-driven analyses, security recommendations, and professional presentations to support informed decision-making and security investments that strengthen our overall security posture.
The ideal candidate will combine strategic thinking with hands-on operational expertise to create a robust, proactive security environment that protects our people, assets, and operations.
Key job responsibilities
Key job responsibilities:
Strategic Security Leadership
• Lead comprehensive facility vulnerability assessments and security audits
• Develop and implement strategic security plans aligned with organizational objectives
• Transform security strategies into actionable tactical plans
• Establish and track key performance indicators for security operations
Operations Management
• Direct security personnel and contractor operations
• Manage security vendor relationships and service level agreements
• Oversee security system installations, upgrades, and maintenance programs
• Coordinate security construction projects from planning through completion
Security Systems & Technology
• Evaluate and implement advanced security technologies and integrated solutions
• Optimize electronic security systems, including access control and surveillance
• Drive continuous improvement in alarm management and false alarm reduction
• Analyze security metrics and data to enhance operational effectiveness
Program Development & Training
• Design and implement security awareness and training programs
• Develop and maintain security policies, procedures, and emergency protocols
• Lead security incident investigations and corrective action implementation
• Create and deliver security education programs for facility occupants
Stakeholder Management
• Provide regular security performance reports to executive leadership
• Present strategic recommendations for security enhancements
• Manage cross-functional relationships to ensure security program success
• Drive security compliance through effective communication and engagement
About the team
Diverse Experiences
AWS values diverse experiences. Even if you do not meet all of the preferred qualifications and skills listed in the job description, we encourage candidates to apply. If your career is just starting, hasn’t followed a traditional path, or includes alternative experiences, don’t let it stop you from applying.
Why AWS?
Amazon Web Services (AWS) is the world’s most comprehensive and broadly adopted cloud platform. We pioneered cloud computing and never stopped innovating — that’s why customers from the most successful startups to Global 500 companies trust our robust suite of products and services to power their businesses.
Inclusive Team Culture
Here at AWS, it’s in our nature to learn and be curious. Our employee-led affinity groups foster a culture of inclusion that empower us to be proud of our differences. Ongoing events and learning experiences, including our Conversations on Race and Ethnicity (CORE) and AmazeCon (gender diversity) conferences, inspire us to never stop embracing our uniqueness.
Mentorship & Career Growth
We’re continuously raising our performance bar as we strive to become Earth’s Best Employer. That’s why you’ll find endless knowledge-sharing, mentorship and other career-advancing resources here to help you develop into a better-rounded professional.
Work/Life Balance
We value work-life harmony. Achieving success at work should never come at the expense of sacrifices at home, which is why we strive for flexibility as part of our working culture. When we feel supported in the workplace and at home, there’s nothing we can’t achieve in the cloud."
"Solutions Architect, AWS",aws.team-solutions-architect-primary,"CL, RM, Comuna De Providencia",Comuna De Providencia,RM,2026-04-06,10384530,amazon,2026-07-12,2026-07-13,0.3912,Solutions Architect,Solution Architect,full-time,about 1 month,https://www.amazon.jobs/en/jobs/10384530/solutions-architect-aws,At Amazon Web Services (AWS) we are inventing the future of cloud computing with a team of builders who try new things and dream big dreams. Our services provide a platform for IT infrastructure in-the-cloud,"- 4+ years of specific technology domain areas (e.g. software development, cloud computing, systems engineering, infrastructure, security, networking, data & analytics) experience
- 2+ years of design, implementation, or consulting in applications and infrastructures experience
- 4+ years of IT development or implementation/consulting in the software or Internet industries experience","- Experience working within software development or Internet-related industries
- Experience migrating or transforming legacy customer solutions to the cloud
- Experience working with AWS technologies from a dev/ops perspective
Our inclusive culture empowers Amazonians to deliver the best results for our customers. If you have a disability and need a workplace accommodation or adjustment during the application and hiring process, including support for the interview or onboarding process, please visit https://amazon.jobs/content/en/how-we-hire/accommodations for more information. If the country/region you’re applying in isn’t listed, please contact your Recruiting Partner.","At Amazon Web Services (AWS) we are inventing the future of cloud computing with a team of builders who try new things and dream big dreams. Our services provide a platform for IT infrastructure in-the-cloud that is used by hundreds of thousands of developers and businesses around the world. Ten years ago, we couldn’t have imagined how far we would come. Now we’re inventing for the next ten years and beyond. But it is still Day 1 for us, and we are looking for curious people to be part of our diverse teams of thinkers, testers, and doers.
Our Solutions Architects team is seeking candidates to join our AWS team with a variety of skills to help shape and deliver on our cloud strategy for our global customers and partners. As a solutions architect, you will be on the front line of helping customers succeed using AWS technologies, linking technology with measurable business value for organizations ranging from start-ups to large, enterprise customers. You will be a trusted customer advocate, helping our partners understand advanced cloud-based solutions and how to migrate existing workloads to the cloud.
Key job responsibilities
As a Solutions Architect, you will work customers to accelerate their projects and recommend best-practice architectures in line with their long-term business outcomes.
You will own the technical relationship with the customers and operate as their trusted advisor. The best interests of the customer will shape the guidance you provide.
Share the voice of the customer to influence the roadmap of new features and services for the AWS platform.
Create and capture best practices, technical content and new reference architectures (e.g. white papers, code samples, blog posts).
Evangelize and educate about AWS technology (e.g. workshops, user groups, meetups, public speaking, online videos or conferences).
Contribute to the growth of the Solutions Architecture organization by hiring, coaching and mentoring others.
Develop areas of depth in technical domains relevant to your interests and your customer's outcomes.
About the team
Diverse Experiences 
Amazon values diverse experiences. Even if you do not meet all of the preferred qualifications and skills listed in the job description, we encourage candidates to apply. If your career is just starting, hasn’t followed a traditional path, or includes alternative experiences, don’t let it stop you from applying. 
Why AWS 
Amazon Web Services (AWS) is the world’s most comprehensive and broadly adopted cloud platform. We pioneered cloud computing and never stopped innovating — that’s why customers from the most successful startups to Global 500 companies trust our robust suite of products and services to power their businesses.
Work/Life Balance 
We value work-life harmony. Achieving success at work should never come at the expense of sacrifices at home, which is why we strive for flexibility as part of our working culture. When we feel supported in the workplace and at home, there’s nothing we can’t achieve in the cloud. 
Inclusive Team Culture 
Here at AWS, it’s in our nature to learn and be curious. Our employee-led affinity groups foster a culture of inclusion that empower us to be proud of our differences. Ongoing events and learning experiences, including our Conversations on Race and Ethnicity (CORE) and AmazeCon (gender diversity) conferences, inspire us to never stop embracing our uniqueness.
Mentorship and Career Growth
We’re continuously raising our performance bar as we strive to become Earth’s Best Employer. That’s why you’ll find endless knowledge-sharing, mentorship and other career-advancing resources here to help you develop into a better-rounded professional."
"Country Manager Chile, AWS",aws.team-sales-primary,"CL, RM, Comuna De Providencia",Comuna De Providencia,RM,2026-02-23,3186999,amazon,2026-07-12,2026-07-13,0.4249,"Sales, Advertising, & Account Management",Tech Sales,full-time,about 1 month,https://www.amazon.jobs/en/jobs/3186999/country-manager-chile-aws,"Would you like to be part of a team focused on increasing adoption of Amazon Web Services by developing Chile markets? Do you have the business savvy, executive relationship and the technical background","- 10+ years of technology related sales, business development or equivalent experience
- 5+ years of leadership experience managing managers or equivalent experience leading cross-functional teams
- Able to communicate effectively in English and Spanish, within technical and business settings.","- Bachelor's degree
- Experience working with and presenting to C-level executives, IT, and lines of businesses across organizations or equivalent
Our inclusive culture empowers Amazonians to deliver the best results for our customers. If you have a disability and need a workplace accommodation or adjustment during the application and hiring process, including support for the interview or onboarding process, please visit https://amazon.jobs/content/en/how-we-hire/accommodations for more information. If the country/region you’re applying in isn’t listed, please contact your Recruiting Partner.","Would you like to be part of a team focused on increasing adoption of Amazon Web Services by developing Chile markets? Do you have the business savvy, executive relationship and the technical background necessary to help establish Amazon as a key technology platform provider? As Chile Country Manager you will have the exciting opportunity to help drive the growth and shape the future of an emerging technology. Including the launch of a new Region. Your responsibilities will include driving revenue, adoption, and market penetration in enterprise accounts. The ideal candidate will possess both a sales and technical background that enables them to drive an engagement at the CXO level as well as with software developers and IT architects. The ideal candidate should also be a self-starter who is prepared to develop and execute against account coverage plan and consistently deliver on quarterly revenue targets.
AWS Sales, Marketing, and Global Services (SMGS) is responsible for driving revenue, adoption, and growth from the largest and fastest growing small- and mid-market accounts to enterprise-level customers including public sector. The AWS Global Support team interacts with leading companies and believes that world-class support is critical to customer success. AWS Support also partners with a global list of customers that are building mission-critical applications on top of AWS services.
Key job responsibilities
• Drive revenue and market share in the Country.
• Create & articulate compelling value propositions around AWS services.
• Accelerate customer adoption by engaging with C-level and different stakeholders.
• Work with partners to extend reach & drive adoption.
• Develop long-term strategic relationships with key accounts.
• Lead and develop a very talented group of professionals.
• Ensure customer satisfaction.
About the team
Diverse Experiences
Amazon values diverse experiences. Even if you do not meet all of the preferred qualifications and skills listed in the job description, we encourage candidates to apply. If your career is just starting, hasn’t followed a traditional path, or includes alternative experiences, don’t let it stop you from applying.
Why AWS
Amazon Web Services (AWS) is the world’s most comprehensive and broadly adopted cloud platform. We pioneered cloud computing and never stopped innovating — that’s why customers from the most successful startups to Global 500 companies trust our robust suite of products and services to power their businesses.
Work/Life Balance
We value work-life harmony. Achieving success at work should never come at the expense of sacrifices at home, which is why we strive for flexibility as part of our working culture. When we feel supported in the workplace and at home, there’s nothing we can’t achieve.
Inclusive Team Culture
Here at AWS, it’s in our nature to learn and be curious. Our employee-led affinity groups foster a culture of inclusion that empower us to be proud of our differences. Ongoing events and learning experiences, including our Conversations on Race and Ethnicity (CORE) and AmazeCon (gender diversity) conferences, inspire us to never stop embracing our uniqueness.
Mentorship and Career Growth
We’re continuously raising our performance bar as we strive to become Earth’s Best Employer. That’s why you’ll find endless knowledge-sharing, mentorship and other career-advancing resources here to help you develop into a better-rounded professional."
Técnico de Centro de Datos,aws.team-support,"CL, Santiago",Santiago,,2025-10-14,3108588,amazon,2026-07-12,2026-07-13,0.3854,"Operations, IT, & Support Engineering",Data Center Operations,full-time,2 months,https://www.amazon.jobs/en/jobs/3108588/tecnico-de-centro-de-datos,Amazon Web Services busca contratar a un Técnico de Centro de Datos altamente motivado y de primera categoría para unirse a nuestro equipo en crecimiento dentro de operaciones de infraestructura y brindar,"- Título en Sistemas de Información, Informática o área relacionada
- Certificacion CCNA, CCNP y/o JNCIA
- Conocimiento comprobado en resolución de problemas de hardware y pruebas de aislamiento en equipos de alto rendimiento
- Conocimiento en redes TCP/IP, cableado, tipos de fibra óptica, equipos de prueba como VFL, medidor de potencia y OTDR
- Español fluido e inglés avanzado
- Puede requerir viajar local y/o internacionalmente
- Este puesto también tiene un componente físico que requiere la capacidad de levantar y montar equipos de hasta 18Kg; puede requerir trabajar en espacios reducidos o en lugares elevados cumpliendo con las pautas de salud y seguridad","- Experiencia con Linux o sistemas operativos similares
- Conocimiento de diseño de redes, protocolos y resolución de problemas
- Realizar resolución de problemas de hardware y reemplazo de componentes
- Amplio entendimiento de tecnologías de infraestructura
Our inclusive culture empowers Amazonians to deliver the best results for our customers. If you have a disability and need a workplace accommodation or adjustment during the application and hiring process, including support for the interview or onboarding process, please visit https://amazon.jobs/content/en/how-we-hire/accommodations for more information. If the country/region you’re applying in isn’t listed, please contact your Recruiting Partner.","Amazon Web Services busca contratar a un Técnico de Centro de Datos altamente motivado y de primera categoría para unirse a nuestro equipo en crecimiento dentro de operaciones de infraestructura y brindar soporte práctico para su ubicación de Centro de Datos. El alcance del trabajo incluye: Gestionar trabajo y prioridades a través del sistema de tickets y coordinación con el Gerente del Centro de Datos; solución de problemas y reparación de servidores con problemas de hardware y red. El trabajo involucra diagnóstico de hardware y reemplazo de componentes fallados. Debe poder trabajar efectivamente con supervisión mínima y manejar múltiples prioridades.
 
El técnico estará ubicado en el estado de Santiago, sin embargo, también brindará soporte remoto a otros Centros de Datos en la región cuando sea necesario. Será responsable de la gestión diaria de incidentes de servidores, equipos de red y cableado.
Las Operaciones del Centro de Datos son un equipo 24x7 y este puesto es para trabajar en horarios no laborales.
Key job responsibilities
- Trabajar y cumplir SLAs en tickets asignados a través de un flujo de trabajo dirigido
- Primer punto de contacto para resolución de problemas de hardware y problemas técnicos
- Realizar reparaciones regulares de hardware de servidores (discos, placas madre, etc.)
- Realizar reparaciones rutinarias relacionadas con red, hardware de servidor y sistema operativo
- Trabajar con equipos multifuncionales regularmente para completar trabajo rutinario
- Cumplir con las mejores prácticas de seguridad en el centro de datos
- Realizar actualizaciones de servidores, reconstrucciones, trabajos programados según se requiera
A day in the life
Este rol es una oportunidad única para trabajar en algunos de los centros de datos más avanzados del mundo. Los centros de datos de Amazon son centros de alta densidad a gran escala donde trabajarás cambiando el rostro de la tecnología Cloud en la región.
Un Técnico de Centro de Datos trabajará como parte del equipo de Operaciones cuya responsabilidad principal es el mantenimiento y conservación de la infraestructura del centro de datos. Serás el punto principal de contacto tanto para clientes internos (por ejemplo: Ingenieros de Red, Ingenieros de Sistemas, Desarrolladores de Software, Ingenieros de Base de Datos, Operaciones Técnicas) como externos (Proveedores de Hardware, Contratistas, Proveedores de Servicios entre otros).
About the team
Diverse Experiences
Amazon values diverse experiences. Even if you do not meet all of the preferred qualifications and skills listed in the job description, we encourage candidates to apply. If your career is just starting, hasn’t followed a traditional path, or includes alternative experiences, don’t let it stop you from applying.
Why AWS
Amazon Web Services (AWS) is the world’s most comprehensive and broadly adopted cloud platform. We pioneered cloud computing and never stopped innovating — that’s why customers from the most successful startups to Global 500 companies trust our robust suite of products and services to power their businesses.
Work/Life Balance
We value work-life harmony. Achieving success at work should never come at the expense of sacrifices at home, which is why we strive for flexibility as part of our working culture. When we feel supported in the workplace and at home, there’s nothing we can’t achieve.
Inclusive Team Culture
Here at AWS, it’s in our nature to learn and be curious. Our employee-led affinity groups foster a culture of inclusion that empower us to be proud of our differences. Ongoing events and learning experiences, including our Conversations on Race and Ethnicity (CORE) and AmazeCon (gender diversity) conferences, inspire us to never stop embracing our uniqueness.
Mentorship and Career Growth
We’re continuously raising our performance bar as we strive to become Earth’s Best Employer. That’s why you’ll find endless knowledge-sharing, mentorship and other career-advancing resources here to help you develop into a better-rounded professional."
